"Status","Start Time","Stop Time","Duration in ms","Parent Suite","Suite","Sub Suite","Test Class","Test Method","Name","Description"
"passed","Sat Aug 07 18:07:05 CST 2021","Sat Aug 07 18:07:20 CST 2021","15518","testcases","test_testcasepage","TestTestcasePage","","","test_add_test_2_alph_case",""
"passed","Sat Aug 07 18:08:52 CST 2021","Sat Aug 07 18:09:05 CST 2021","13820","testcases","test_testcasepage","TestTestcasePage","","","test_assert_xfail",""
"passed","Sat Aug 07 18:09:05 CST 2021","Sat Aug 07 18:09:20 CST 2021","14411","testcases","test_testcasepage","TestTestcasePage","","","test_goto_main",""
"passed","Sat Aug 07 18:08:07 CST 2021","Sat Aug 07 18:08:22 CST 2021","15387","testcases","test_testcasepage","TestTestcasePage","","","test_add_test_6_char_desc",""
"passed","Sat Aug 07 18:06:32 CST 2021","Sat Aug 07 18:06:47 CST 2021","15226","testcases","test_testcasepage","TestTestcasePage","","","test_add_test_0_char_title",""
"passed","Sat Aug 07 18:07:36 CST 2021","Sat Aug 07 18:07:51 CST 2021","15485","testcases","test_testcasepage","TestTestcasePage","","","test_add_test_4_num_desc",""
"passed","Sat Aug 07 18:07:20 CST 2021","Sat Aug 07 18:07:36 CST 2021","15335","testcases","test_testcasepage","TestTestcasePage","","","test_add_test_3_num_title",""
"passed","Sat Aug 07 18:07:51 CST 2021","Sat Aug 07 18:08:07 CST 2021","15378","testcases","test_testcasepage","TestTestcasePage","","","test_add_test_5_implicated_title",""
"skipped","Sat Aug 07 18:05:50 CST 2021","Sat Aug 07 18:06:22 CST 2021","31690","testcases","test_testcasepage","TestTestcasePage","","","test1",""
"failed","Sat Aug 07 18:08:38 CST 2021","Sat Aug 07 18:08:52 CST 2021","14041","testcases","test_testcasepage","TestTestcasePage","","","test_assert_error",""
"passed","Sat Aug 07 18:06:48 CST 2021","Sat Aug 07 18:07:05 CST 2021","16936","testcases","test_testcasepage","TestTestcasePage","","","test_add_test_1_normal_case",""
"passed","Sat Aug 07 18:08:23 CST 2021","Sat Aug 07 18:08:38 CST 2021","15060","testcases","test_testcasepage","TestTestcasePage","","","test_add_test_7_block_input",""
